<?xml version="1.0" encoding="ISO-8859-1"?>
<data>
  <line>
    <Account_Number></Account_Number>
    <Amount_of_Litres>0</Amount_of_Litres>
    <Attendant_ID>0</Attendant_ID>
    <Attendant_name>DENNIS MUYSOKI</Attendant_name>
    <Base_price>186.3</Base_price>
    <Billing_sale>700.000</Billing_sale>
    <Card_number>6996023020169616</Card_number>
    <Customer_ID></Customer_ID>
    <Fleet_name>Vic Preston</Fleet_name>
    <Invoice_Number></Invoice_Number>
    <Nozzle>2</Nozzle>
    <Payment_type>Mobile</Payment_type>
    <Payment_type_-_code>Mobile</Payment_type_-_code>
    <Product_code>1</Product_code>
    <Product_name>ULX</Product_name>
    <Pump>8</Pump>
    <Receipt_date>23-07-2025</Receipt_date>
    <Receipt_id>307879292</Receipt_id>
    <Receipt_time>13:49:37</Receipt_time>
    <Sale_without_VAT>96.550</Sale_without_VAT>
    <Total_price>700.000</Total_price>
    <Transaction_date>23-07-2025</Transaction_date>
    <Transaction_id>307893706</Transaction_id>
    <Transaction_type>Attendant</Transaction_type>
    <Pre-VAT_Amount>700.000</Pre-VAT_Amount>
    <VAT_Amount>96.550</VAT_Amount>
  </line>
  <line>
    <Account_Number></Account_Number>
    <Amount_of_Litres>0</Amount_of_Litres>
    <Attendant_ID>0</Attendant_ID>
    <Attendant_name>C.Okello</Attendant_name>
    <Base_price>186.3</Base_price>
    <Billing_sale>120.000</Billing_sale>
    <Card_number>6996023020722703</Card_number>
    <Customer_ID></Customer_ID>
    <Fleet_name>Vic Preston</Fleet_name>
    <Invoice_Number></Invoice_Number>
    <Nozzle>2</Nozzle>
    <Payment_type>Cash</Payment_type>
    <Payment_type_-_code>CASH</Payment_type_-_code>
    <Product_code>1</Product_code>
    <Product_name>ULX</Product_name>
    <Pump>5</Pump>
    <Receipt_date>23-07-2025</Receipt_date>
    <Receipt_id>307879293</Receipt_id>
    <Receipt_time>13:50:34</Receipt_time>
    <Sale_without_VAT>16.550</Sale_without_VAT>
    <Total_price>120.000</Total_price>
    <Transaction_date>23-07-2025</Transaction_date>
    <Transaction_id>307893707</Transaction_id>
    <Transaction_type>Attendant</Transaction_type>
    <Pre-VAT_Amount>120.000</Pre-VAT_Amount>
    <VAT_Amount>16.550</VAT_Amount>
  </line>
  <line>
    <Account_Number></Account_Number>
    <Amount_of_Litres>0</Amount_of_Litres>
    <Attendant_ID>0</Attendant_ID>
    <Attendant_name>Augustine Musembi</Attendant_name>
    <Base_price>171.5</Base_price>
    <Billing_sale>5000.000</Billing_sale>
    <Card_number>8501031441951383</Card_number>
    <Customer_ID></Customer_ID>
    <Fleet_name>Vic Preston</Fleet_name>
    <Invoice_Number></Invoice_Number>
    <Nozzle>1</Nozzle>
    <Payment_type>Cash</Payment_type>
    <Payment_type_-_code>CASH</Payment_type_-_code>
    <Product_code>3</Product_code>
    <Product_name>DX</Product_name>
    <Pump>4</Pump>
    <Receipt_date>23-07-2025</Receipt_date>
    <Receipt_id>307879302</Receipt_id>
    <Receipt_time>13:52:01</Receipt_time>
    <Sale_without_VAT>689.660</Sale_without_VAT>
    <Total_price>5000.000</Total_price>
    <Transaction_date>23-07-2025</Transaction_date>
    <Transaction_id>307893708</Transaction_id>
    <Transaction_type>Attendant</Transaction_type>
    <Pre-VAT_Amount>5000.000</Pre-VAT_Amount>
    <VAT_Amount>689.660</VAT_Amount>
  </line>
  <line>
    <Account_Number></Account_Number>
    <Amount_of_Litres>0</Amount_of_Litres>
    <Attendant_ID>0</Attendant_ID>
    <Attendant_name>DENNIS MUYSOKI</Attendant_name>
    <Base_price>186.3</Base_price>
    <Billing_sale>200.000</Billing_sale>
    <Card_number>6996023020169616</Card_number>
    <Customer_ID></Customer_ID>
    <Fleet_name>Vic Preston</Fleet_name>
    <Invoice_Number></Invoice_Number>
    <Nozzle>2</Nozzle>
    <Payment_type>Mobile</Payment_type>
    <Payment_type_-_code>Mobile</Payment_type_-_code>
    <Product_code>1</Product_code>
    <Product_name>ULX</Product_name>
    <Pump>5</Pump>
    <Receipt_date>23-07-2025</Receipt_date>
    <Receipt_id>307879294</Receipt_id>
    <Receipt_time>13:52:05</Receipt_time>
    <Sale_without_VAT>27.590</Sale_without_VAT>
    <Total_price>200.000</Total_price>
    <Transaction_date>23-07-2025</Transaction_date>
    <Transaction_id>307893709</Transaction_id>
    <Transaction_type>Attendant</Transaction_type>
    <Pre-VAT_Amount>200.000</Pre-VAT_Amount>
    <VAT_Amount>27.590</VAT_Amount>
  </line>
  <line>
    <Account_Number></Account_Number>
    <Amount_of_Litres>0</Amount_of_Litres>
    <Attendant_ID>0</Attendant_ID>
    <Attendant_name>Joshua mutua</Attendant_name>
    <Base_price>186.3</Base_price>
    <Billing_sale>1000.000</Billing_sale>
    <Card_number>6996023020333121</Card_number>
    <Customer_ID></Customer_ID>
    <Fleet_name>Vic Preston</Fleet_name>
    <Invoice_Number></Invoice_Number>
    <Nozzle>2</Nozzle>
    <Payment_type>Cash</Payment_type>
    <Payment_type_-_code>CASH</Payment_type_-_code>
    <Product_code>1</Product_code>
    <Product_name>ULX</Product_name>
    <Pump>2</Pump>
    <Receipt_date>23-07-2025</Receipt_date>
    <Receipt_id>307879296</Receipt_id>
    <Receipt_time>13:52:09</Receipt_time>
    <Sale_without_VAT>137.930</Sale_without_VAT>
    <Total_price>1000.000</Total_price>
    <Transaction_date>23-07-2025</Transaction_date>
    <Transaction_id>307893710</Transaction_id>
    <Transaction_type>Attendant</Transaction_type>
    <Pre-VAT_Amount>1000.000</Pre-VAT_Amount>
    <VAT_Amount>137.930</VAT_Amount>
  </line>
  <line>
    <Account_Number></Account_Number>
    <Amount_of_Litres>0</Amount_of_Litres>
    <Attendant_ID>0</Attendant_ID>
    <Attendant_name>RICHARD NZIOKA</Attendant_name>
    <Base_price>186.3</Base_price>
    <Billing_sale>500.000</Billing_sale>
    <Card_number>6996023020735044</Card_number>
    <Customer_ID></Customer_ID>
    <Fleet_name>Vic Preston</Fleet_name>
    <Invoice_Number></Invoice_Number>
    <Nozzle>2</Nozzle>
    <Payment_type>Mobile</Payment_type>
    <Payment_type_-_code>Mobile</Payment_type_-_code>
    <Product_code>1</Product_code>
    <Product_name>ULX</Product_name>
    <Pump>6</Pump>
    <Receipt_date>23-07-2025</Receipt_date>
    <Receipt_id>307879295</Receipt_id>
    <Receipt_time>13:52:24</Receipt_time>
    <Sale_without_VAT>68.970</Sale_without_VAT>
    <Total_price>500.000</Total_price>
    <Transaction_date>23-07-2025</Transaction_date>
    <Transaction_id>307893711</Transaction_id>
    <Transaction_type>Attendant</Transaction_type>
    <Pre-VAT_Amount>500.000</Pre-VAT_Amount>
    <VAT_Amount>68.970</VAT_Amount>
  </line>
  <line>
    <Account_Number></Account_Number>
    <Amount_of_Litres>0</Amount_of_Litres>
    <Attendant_ID>0</Attendant_ID>
    <Attendant_name>Augustine Musembi</Attendant_name>
    <Base_price>186.3</Base_price>
    <Billing_sale>400.000</Billing_sale>
    <Card_number>8501031441951383</Card_number>
    <Customer_ID></Customer_ID>
    <Fleet_name>Vic Preston</Fleet_name>
    <Invoice_Number></Invoice_Number>
    <Nozzle>2</Nozzle>
    <Payment_type>Cash</Payment_type>
    <Payment_type_-_code>CASH</Payment_type_-_code>
    <Product_code>1</Product_code>
    <Product_name>ULX</Product_name>
    <Pump>1</Pump>
    <Receipt_date>23-07-2025</Receipt_date>
    <Receipt_id>307879333</Receipt_id>
    <Receipt_time>13:53:07</Receipt_time>
    <Sale_without_VAT>55.170</Sale_without_VAT>
    <Total_price>400.000</Total_price>
    <Transaction_date>23-07-2025</Transaction_date>
    <Transaction_id>307893712</Transaction_id>
    <Transaction_type>Attendant</Transaction_type>
    <Pre-VAT_Amount>400.000</Pre-VAT_Amount>
    <VAT_Amount>55.170</VAT_Amount>
  </line>
  <line>
    <Account_Number></Account_Number>
    <Amount_of_Litres>0</Amount_of_Litres>
    <Attendant_ID>0</Attendant_ID>
    <Attendant_name>DENNIS MUYSOKI</Attendant_name>
    <Base_price>186.3</Base_price>
    <Billing_sale>1000.000</Billing_sale>
    <Card_number>6996023020169616</Card_number>
    <Customer_ID></Customer_ID>
    <Fleet_name>Vic Preston</Fleet_name>
    <Invoice_Number></Invoice_Number>
    <Nozzle>2</Nozzle>
    <Payment_type>Mobile</Payment_type>
    <Payment_type_-_code>Mobile</Payment_type_-_code>
    <Product_code>1</Product_code>
    <Product_name>ULX</Product_name>
    <Pump>6</Pump>
    <Receipt_date>23-07-2025</Receipt_date>
    <Receipt_id>307879298</Receipt_id>
    <Receipt_time>13:54:22</Receipt_time>
    <Sale_without_VAT>137.930</Sale_without_VAT>
    <Total_price>1000.000</Total_price>
    <Transaction_date>23-07-2025</Transaction_date>
    <Transaction_id>307893713</Transaction_id>
    <Transaction_type>Attendant</Transaction_type>
    <Pre-VAT_Amount>1000.000</Pre-VAT_Amount>
    <VAT_Amount>137.930</VAT_Amount>
  </line>
  <line>
    <Account_Number></Account_Number>
    <Amount_of_Litres>0</Amount_of_Litres>
    <Attendant_ID>0</Attendant_ID>
    <Attendant_name>Augustine Musembi</Attendant_name>
    <Base_price>186.3</Base_price>
    <Billing_sale>200.000</Billing_sale>
    <Card_number>8501031441951383</Card_number>
    <Customer_ID></Customer_ID>
    <Fleet_name>Vic Preston</Fleet_name>
    <Invoice_Number></Invoice_Number>
    <Nozzle>2</Nozzle>
    <Payment_type>Mobile</Payment_type>
    <Payment_type_-_code>Mobile</Payment_type_-_code>
    <Product_code>1</Product_code>
    <Product_name>ULX</Product_name>
    <Pump>2</Pump>
    <Receipt_date>23-07-2025</Receipt_date>
    <Receipt_id>307879297</Receipt_id>
    <Receipt_time>13:54:24</Receipt_time>
    <Sale_without_VAT>27.590</Sale_without_VAT>
    <Total_price>200.000</Total_price>
    <Transaction_date>23-07-2025</Transaction_date>
    <Transaction_id>307893714</Transaction_id>
    <Transaction_type>Attendant</Transaction_type>
    <Pre-VAT_Amount>200.000</Pre-VAT_Amount>
    <VAT_Amount>27.590</VAT_Amount>
  </line>
  <line>
    <Account_Number></Account_Number>
    <Amount_of_Litres>0</Amount_of_Litres>
    <Attendant_ID>0</Attendant_ID>
    <Attendant_name>Joshua mutua</Attendant_name>
    <Base_price>186.3</Base_price>
    <Billing_sale>1000.000</Billing_sale>
    <Card_number>6996023020333121</Card_number>
    <Customer_ID></Customer_ID>
    <Fleet_name>Vic Preston</Fleet_name>
    <Invoice_Number></Invoice_Number>
    <Nozzle>2</Nozzle>
    <Payment_type>Cash</Payment_type>
    <Payment_type_-_code>CASH</Payment_type_-_code>
    <Product_code>1</Product_code>
    <Product_name>ULX</Product_name>
    <Pump>4</Pump>
    <Receipt_date>23-07-2025</Receipt_date>
    <Receipt_id>307879309</Receipt_id>
    <Receipt_time>13:55:34</Receipt_time>
    <Sale_without_VAT>137.930</Sale_without_VAT>
    <Total_price>1000.000</Total_price>
    <Transaction_date>23-07-2025</Transaction_date>
    <Transaction_id>307893715</Transaction_id>
    <Transaction_type>Attendant</Transaction_type>
    <Pre-VAT_Amount>1000.000</Pre-VAT_Amount>
    <VAT_Amount>137.930</VAT_Amount>
  </line>
  <line>
    <Account_Number></Account_Number>
    <Amount_of_Litres>0</Amount_of_Litres>
    <Attendant_ID>0</Attendant_ID>
    <Attendant_name>DENNIS MUYSOKI</Attendant_name>
    <Base_price>186.3</Base_price>
    <Billing_sale>500.000</Billing_sale>
    <Card_number>6996023020169616</Card_number>
    <Customer_ID></Customer_ID>
    <Fleet_name>Vic Preston</Fleet_name>
    <Invoice_Number></Invoice_Number>
    <Nozzle>2</Nozzle>
    <Payment_type>Mobile</Payment_type>
    <Payment_type_-_code>Mobile</Payment_type_-_code>
    <Product_code>1</Product_code>
    <Product_name>ULX</Product_name>
    <Pump>6</Pump>
    <Receipt_date>23-07-2025</Receipt_date>
    <Receipt_id>307879301</Receipt_id>
    <Receipt_time>13:56:17</Receipt_time>
    <Sale_without_VAT>68.970</Sale_without_VAT>
    <Total_price>500.000</Total_price>
    <Transaction_date>23-07-2025</Transaction_date>
    <Transaction_id>307893716</Transaction_id>
    <Transaction_type>Attendant</Transaction_type>
    <Pre-VAT_Amount>500.000</Pre-VAT_Amount>
    <VAT_Amount>68.970</VAT_Amount>
  </line>
  <line>
    <Account_Number></Account_Number>
    <Amount_of_Litres>0</Amount_of_Litres>
    <Attendant_ID>0</Attendant_ID>
    <Attendant_name>Augustine Musembi</Attendant_name>
    <Base_price>186.3</Base_price>
    <Billing_sale>1000.000</Billing_sale>
    <Card_number>8501031441951383</Card_number>
    <Customer_ID></Customer_ID>
    <Fleet_name>Vic Preston</Fleet_name>
    <Invoice_Number></Invoice_Number>
    <Nozzle>2</Nozzle>
    <Payment_type>Cash</Payment_type>
    <Payment_type_-_code>CASH</Payment_type_-_code>
    <Product_code>1</Product_code>
    <Product_name>ULX</Product_name>
    <Pump>2</Pump>
    <Receipt_date>23-07-2025</Receipt_date>
    <Receipt_id>307879299</Receipt_id>
    <Receipt_time>13:56:21</Receipt_time>
    <Sale_without_VAT>137.930</Sale_without_VAT>
    <Total_price>1000.000</Total_price>
    <Transaction_date>23-07-2025</Transaction_date>
    <Transaction_id>307893717</Transaction_id>
    <Transaction_type>Attendant</Transaction_type>
    <Pre-VAT_Amount>1000.000</Pre-VAT_Amount>
    <VAT_Amount>137.930</VAT_Amount>
  </line>
  <line>
    <Account_Number></Account_Number>
    <Amount_of_Litres>0</Amount_of_Litres>
    <Attendant_ID>0</Attendant_ID>
    <Attendant_name>Joshua mutua</Attendant_name>
    <Base_price>171.5</Base_price>
    <Billing_sale>2000.000</Billing_sale>
    <Card_number>6996023020333121</Card_number>
    <Customer_ID></Customer_ID>
    <Fleet_name>Vic Preston</Fleet_name>
    <Invoice_Number></Invoice_Number>
    <Nozzle>1</Nozzle>
    <Payment_type>Mobile</Payment_type>
    <Payment_type_-_code>Mobile</Payment_type_-_code>
    <Product_code>3</Product_code>
    <Product_name>DX</Product_name>
    <Pump>5</Pump>
    <Receipt_date>23-07-2025</Receipt_date>
    <Receipt_id>307879303</Receipt_id>
    <Receipt_time>13:57:00</Receipt_time>
    <Sale_without_VAT>275.860</Sale_without_VAT>
    <Total_price>2000.000</Total_price>
    <Transaction_date>23-07-2025</Transaction_date>
    <Transaction_id>307893718</Transaction_id>
    <Transaction_type>Attendant</Transaction_type>
    <Pre-VAT_Amount>2000.000</Pre-VAT_Amount>
    <VAT_Amount>275.860</VAT_Amount>
  </line>
  <line>
    <Account_Number></Account_Number>
    <Amount_of_Litres>0</Amount_of_Litres>
    <Attendant_ID>0</Attendant_ID>
    <Attendant_name>Augustine Musembi</Attendant_name>
    <Base_price>186.3</Base_price>
    <Billing_sale>180.000</Billing_sale>
    <Card_number>8501031441951383</Card_number>
    <Customer_ID></Customer_ID>
    <Fleet_name>Vic Preston</Fleet_name>
    <Invoice_Number></Invoice_Number>
    <Nozzle>2</Nozzle>
    <Payment_type>Cash</Payment_type>
    <Payment_type_-_code>CASH</Payment_type_-_code>
    <Product_code>1</Product_code>
    <Product_name>ULX</Product_name>
    <Pump>2</Pump>
    <Receipt_date>23-07-2025</Receipt_date>
    <Receipt_id>307879300</Receipt_id>
    <Receipt_time>13:57:22</Receipt_time>
    <Sale_without_VAT>24.830</Sale_without_VAT>
    <Total_price>180.000</Total_price>
    <Transaction_date>23-07-2025</Transaction_date>
    <Transaction_id>307893719</Transaction_id>
    <Transaction_type>Attendant</Transaction_type>
    <Pre-VAT_Amount>180.000</Pre-VAT_Amount>
    <VAT_Amount>24.830</VAT_Amount>
  </line>
  <line>
    <Account_Number></Account_Number>
    <Amount_of_Litres>0</Amount_of_Litres>
    <Attendant_ID>0</Attendant_ID>
    <Attendant_name>Augustine Musembi</Attendant_name>
    <Base_price>186.3</Base_price>
    <Billing_sale>250.000</Billing_sale>
    <Card_number>8501031441951383</Card_number>
    <Customer_ID></Customer_ID>
    <Fleet_name>Vic Preston</Fleet_name>
    <Invoice_Number></Invoice_Number>
    <Nozzle>2</Nozzle>
    <Payment_type>Cash</Payment_type>
    <Payment_type_-_code>CASH</Payment_type_-_code>
    <Product_code>1</Product_code>
    <Product_name>ULX</Product_name>
    <Pump>2</Pump>
    <Receipt_date>23-07-2025</Receipt_date>
    <Receipt_id>307879304</Receipt_id>
    <Receipt_time>13:58:36</Receipt_time>
    <Sale_without_VAT>34.480</Sale_without_VAT>
    <Total_price>250.000</Total_price>
    <Transaction_date>23-07-2025</Transaction_date>
    <Transaction_id>307893720</Transaction_id>
    <Transaction_type>Attendant</Transaction_type>
    <Pre-VAT_Amount>250.000</Pre-VAT_Amount>
    <VAT_Amount>34.480</VAT_Amount>
  </line>
  <line>
    <Account_Number></Account_Number>
    <Amount_of_Litres>0</Amount_of_Litres>
    <Attendant_ID>0</Attendant_ID>
    <Attendant_name>DENNIS MUYSOKI</Attendant_name>
    <Base_price>186.3</Base_price>
    <Billing_sale>1000.000</Billing_sale>
    <Card_number>6996023020169616</Card_number>
    <Customer_ID></Customer_ID>
    <Fleet_name>Vic Preston</Fleet_name>
    <Invoice_Number></Invoice_Number>
    <Nozzle>2</Nozzle>
    <Payment_type>Mobile</Payment_type>
    <Payment_type_-_code>Mobile</Payment_type_-_code>
    <Product_code>1</Product_code>
    <Product_name>ULX</Product_name>
    <Pump>5</Pump>
    <Receipt_date>23-07-2025</Receipt_date>
    <Receipt_id>307879305</Receipt_id>
    <Receipt_time>13:58:59</Receipt_time>
    <Sale_without_VAT>137.930</Sale_without_VAT>
    <Total_price>1000.000</Total_price>
    <Transaction_date>23-07-2025</Transaction_date>
    <Transaction_id>307893721</Transaction_id>
    <Transaction_type>Attendant</Transaction_type>
    <Pre-VAT_Amount>1000.000</Pre-VAT_Amount>
    <VAT_Amount>137.930</VAT_Amount>
  </line>
  <line>
    <Account_Number></Account_Number>
    <Amount_of_Litres>0</Amount_of_Litres>
    <Attendant_ID>0</Attendant_ID>
    <Attendant_name>C.Okello</Attendant_name>
    <Base_price>186.3</Base_price>
    <Billing_sale>250.000</Billing_sale>
    <Card_number>6996023020722703</Card_number>
    <Customer_ID></Customer_ID>
    <Fleet_name>Vic Preston</Fleet_name>
    <Invoice_Number></Invoice_Number>
    <Nozzle>2</Nozzle>
    <Payment_type>Cash</Payment_type>
    <Payment_type_-_code>CASH</Payment_type_-_code>
    <Product_code>1</Product_code>
    <Product_name>ULX</Product_name>
    <Pump>4</Pump>
    <Receipt_date>23-07-2025</Receipt_date>
    <Receipt_id>307879312</Receipt_id>
    <Receipt_time>13:59:18</Receipt_time>
    <Sale_without_VAT>34.480</Sale_without_VAT>
    <Total_price>250.000</Total_price>
    <Transaction_date>23-07-2025</Transaction_date>
    <Transaction_id>307893722</Transaction_id>
    <Transaction_type>Attendant</Transaction_type>
    <Pre-VAT_Amount>250.000</Pre-VAT_Amount>
    <VAT_Amount>34.480</VAT_Amount>
  </line>
  <line>
    <Account_Number></Account_Number>
    <Amount_of_Litres>0</Amount_of_Litres>
    <Attendant_ID>0</Attendant_ID>
    <Attendant_name>Joshua mutua</Attendant_name>
    <Base_price>186.3</Base_price>
    <Billing_sale>600.000</Billing_sale>
    <Card_number>6996023020333121</Card_number>
    <Customer_ID></Customer_ID>
    <Fleet_name>Vic Preston</Fleet_name>
    <Invoice_Number></Invoice_Number>
    <Nozzle>2</Nozzle>
    <Payment_type>Cash</Payment_type>
    <Payment_type_-_code>CASH</Payment_type_-_code>
    <Product_code>1</Product_code>
    <Product_name>ULX</Product_name>
    <Pump>6</Pump>
    <Receipt_date>23-07-2025</Receipt_date>
    <Receipt_id>307879308</Receipt_id>
    <Receipt_time>13:59:41</Receipt_time>
    <Sale_without_VAT>82.760</Sale_without_VAT>
    <Total_price>600.000</Total_price>
    <Transaction_date>23-07-2025</Transaction_date>
    <Transaction_id>307893723</Transaction_id>
    <Transaction_type>Attendant</Transaction_type>
    <Pre-VAT_Amount>600.000</Pre-VAT_Amount>
    <VAT_Amount>82.760</VAT_Amount>
  </line>
  <line>
    <Account_Number></Account_Number>
    <Amount_of_Litres>0</Amount_of_Litres>
    <Attendant_ID>0</Attendant_ID>
    <Attendant_name>Augustine Musembi</Attendant_name>
    <Base_price>186.3</Base_price>
    <Billing_sale>400.000</Billing_sale>
    <Card_number>8501031441951383</Card_number>
    <Customer_ID></Customer_ID>
    <Fleet_name>Vic Preston</Fleet_name>
    <Invoice_Number></Invoice_Number>
    <Nozzle>2</Nozzle>
    <Payment_type>Cash</Payment_type>
    <Payment_type_-_code>CASH</Payment_type_-_code>
    <Product_code>1</Product_code>
    <Product_name>ULX</Product_name>
    <Pump>2</Pump>
    <Receipt_date>23-07-2025</Receipt_date>
    <Receipt_id>307879306</Receipt_id>
    <Receipt_time>13:59:44</Receipt_time>
    <Sale_without_VAT>55.170</Sale_without_VAT>
    <Total_price>400.000</Total_price>
    <Transaction_date>23-07-2025</Transaction_date>
    <Transaction_id>307893724</Transaction_id>
    <Transaction_type>Attendant</Transaction_type>
    <Pre-VAT_Amount>400.000</Pre-VAT_Amount>
    <VAT_Amount>55.170</VAT_Amount>
  </line>
  <line>
    <Account_Number></Account_Number>
    <Amount_of_Litres>0</Amount_of_Litres>
    <Attendant_ID>0</Attendant_ID>
    <Attendant_name>C.Okello</Attendant_name>
    <Base_price>186.3</Base_price>
    <Billing_sale>200.000</Billing_sale>
    <Card_number>6996023020722703</Card_number>
    <Customer_ID></Customer_ID>
    <Fleet_name>Vic Preston</Fleet_name>
    <Invoice_Number></Invoice_Number>
    <Nozzle>2</Nozzle>
    <Payment_type>Cash</Payment_type>
    <Payment_type_-_code>CASH</Payment_type_-_code>
    <Product_code>1</Product_code>
    <Product_name>ULX</Product_name>
    <Pump>4</Pump>
    <Receipt_date>23-07-2025</Receipt_date>
    <Receipt_id>307879314</Receipt_id>
    <Receipt_time>14:00:20</Receipt_time>
    <Sale_without_VAT>27.590</Sale_without_VAT>
    <Total_price>200.000</Total_price>
    <Transaction_date>23-07-2025</Transaction_date>
    <Transaction_id>307893725</Transaction_id>
    <Transaction_type>Attendant</Transaction_type>
    <Pre-VAT_Amount>200.000</Pre-VAT_Amount>
    <VAT_Amount>27.590</VAT_Amount>
  </line>
  <line>
    <Account_Number></Account_Number>
    <Amount_of_Litres>0</Amount_of_Litres>
    <Attendant_ID>0</Attendant_ID>
    <Attendant_name>Augustine Musembi</Attendant_name>
    <Base_price>186.3</Base_price>
    <Billing_sale>200.000</Billing_sale>
    <Card_number>8501031441951383</Card_number>
    <Customer_ID></Customer_ID>
    <Fleet_name>Vic Preston</Fleet_name>
    <Invoice_Number></Invoice_Number>
    <Nozzle>2</Nozzle>
    <Payment_type>Cash</Payment_type>
    <Payment_type_-_code>CASH</Payment_type_-_code>
    <Product_code>1</Product_code>
    <Product_name>ULX</Product_name>
    <Pump>2</Pump>
    <Receipt_date>23-07-2025</Receipt_date>
    <Receipt_id>307879307</Receipt_id>
    <Receipt_time>14:00:39</Receipt_time>
    <Sale_without_VAT>27.590</Sale_without_VAT>
    <Total_price>200.000</Total_price>
    <Transaction_date>23-07-2025</Transaction_date>
    <Transaction_id>307893726</Transaction_id>
    <Transaction_type>Attendant</Transaction_type>
    <Pre-VAT_Amount>200.000</Pre-VAT_Amount>
    <VAT_Amount>27.590</VAT_Amount>
  </line>
  <line>
    <Account_Number></Account_Number>
    <Amount_of_Litres>0</Amount_of_Litres>
    <Attendant_ID>0</Attendant_ID>
    <Attendant_name>Augustine Musembi</Attendant_name>
    <Base_price>186.3</Base_price>
    <Billing_sale>200.000</Billing_sale>
    <Card_number>8501031441951383</Card_number>
    <Customer_ID></Customer_ID>
    <Fleet_name>Vic Preston</Fleet_name>
    <Invoice_Number></Invoice_Number>
    <Nozzle>2</Nozzle>
    <Payment_type>Cash</Payment_type>
    <Payment_type_-_code>CASH</Payment_type_-_code>
    <Product_code>1</Product_code>
    <Product_name>ULX</Product_name>
    <Pump>2</Pump>
    <Receipt_date>23-07-2025</Receipt_date>
    <Receipt_id>307879310</Receipt_id>
    <Receipt_time>14:01:37</Receipt_time>
    <Sale_without_VAT>27.590</Sale_without_VAT>
    <Total_price>200.000</Total_price>
    <Transaction_date>23-07-2025</Transaction_date>
    <Transaction_id>307893727</Transaction_id>
    <Transaction_type>Attendant</Transaction_type>
    <Pre-VAT_Amount>200.000</Pre-VAT_Amount>
    <VAT_Amount>27.590</VAT_Amount>
  </line>
  <line>
    <Account_Number></Account_Number>
    <Amount_of_Litres>0</Amount_of_Litres>
    <Attendant_ID>0</Attendant_ID>
    <Attendant_name>Joshua mutua</Attendant_name>
    <Base_price>186.3</Base_price>
    <Billing_sale>3000.000</Billing_sale>
    <Card_number>6996023020333121</Card_number>
    <Customer_ID></Customer_ID>
    <Fleet_name>Vic Preston</Fleet_name>
    <Invoice_Number></Invoice_Number>
    <Nozzle>2</Nozzle>
    <Payment_type>Cash</Payment_type>
    <Payment_type_-_code>CASH</Payment_type_-_code>
    <Product_code>1</Product_code>
    <Product_name>ULX</Product_name>
    <Pump>6</Pump>
    <Receipt_date>23-07-2025</Receipt_date>
    <Receipt_id>307879320</Receipt_id>
    <Receipt_time>14:01:56</Receipt_time>
    <Sale_without_VAT>413.790</Sale_without_VAT>
    <Total_price>3000.000</Total_price>
    <Transaction_date>23-07-2025</Transaction_date>
    <Transaction_id>307893728</Transaction_id>
    <Transaction_type>Attendant</Transaction_type>
    <Pre-VAT_Amount>3000.000</Pre-VAT_Amount>
    <VAT_Amount>413.790</VAT_Amount>
  </line>
  <line>
    <Account_Number></Account_Number>
    <Amount_of_Litres>0</Amount_of_Litres>
    <Attendant_ID>0</Attendant_ID>
    <Attendant_name>Augustine Musembi</Attendant_name>
    <Base_price>186.3</Base_price>
    <Billing_sale>300.000</Billing_sale>
    <Card_number>8501031441951383</Card_number>
    <Customer_ID></Customer_ID>
    <Fleet_name>Vic Preston</Fleet_name>
    <Invoice_Number></Invoice_Number>
    <Nozzle>2</Nozzle>
    <Payment_type>Cash</Payment_type>
    <Payment_type_-_code>CASH</Payment_type_-_code>
    <Product_code>1</Product_code>
    <Product_name>ULX</Product_name>
    <Pump>2</Pump>
    <Receipt_date>23-07-2025</Receipt_date>
    <Receipt_id>307879311</Receipt_id>
    <Receipt_time>14:02:45</Receipt_time>
    <Sale_without_VAT>41.380</Sale_without_VAT>
    <Total_price>300.000</Total_price>
    <Transaction_date>23-07-2025</Transaction_date>
    <Transaction_id>307893729</Transaction_id>
    <Transaction_type>Attendant</Transaction_type>
    <Pre-VAT_Amount>300.000</Pre-VAT_Amount>
    <VAT_Amount>41.380</VAT_Amount>
  </line>
  <line>
    <Account_Number></Account_Number>
    <Amount_of_Litres>0</Amount_of_Litres>
    <Attendant_ID>0</Attendant_ID>
    <Attendant_name>Augustine Musembi</Attendant_name>
    <Base_price>186.3</Base_price>
    <Billing_sale>300.000</Billing_sale>
    <Card_number>8501031441951383</Card_number>
    <Customer_ID></Customer_ID>
    <Fleet_name>Vic Preston</Fleet_name>
    <Invoice_Number></Invoice_Number>
    <Nozzle>2</Nozzle>
    <Payment_type>Cash</Payment_type>
    <Payment_type_-_code>CASH</Payment_type_-_code>
    <Product_code>1</Product_code>
    <Product_name>ULX</Product_name>
    <Pump>2</Pump>
    <Receipt_date>23-07-2025</Receipt_date>
    <Receipt_id>307879313</Receipt_id>
    <Receipt_time>14:05:21</Receipt_time>
    <Sale_without_VAT>41.380</Sale_without_VAT>
    <Total_price>300.000</Total_price>
    <Transaction_date>23-07-2025</Transaction_date>
    <Transaction_id>307893730</Transaction_id>
    <Transaction_type>Attendant</Transaction_type>
    <Pre-VAT_Amount>300.000</Pre-VAT_Amount>
    <VAT_Amount>41.380</VAT_Amount>
  </line>
  <line>
    <Account_Number></Account_Number>
    <Amount_of_Litres>0</Amount_of_Litres>
    <Attendant_ID>0</Attendant_ID>
    <Attendant_name>Joshua mutua</Attendant_name>
    <Base_price>186.3</Base_price>
    <Billing_sale>1242.620</Billing_sale>
    <Card_number>6996023020333121</Card_number>
    <Customer_ID></Customer_ID>
    <Fleet_name>Vic Preston</Fleet_name>
    <Invoice_Number></Invoice_Number>
    <Nozzle>2</Nozzle>
    <Payment_type>Cash</Payment_type>
    <Payment_type_-_code>CASH</Payment_type_-_code>
    <Product_code>1</Product_code>
    <Product_name>ULX</Product_name>
    <Pump>4</Pump>
    <Receipt_date>23-07-2025</Receipt_date>
    <Receipt_id>307879321</Receipt_id>
    <Receipt_time>14:05:45</Receipt_time>
    <Sale_without_VAT>171.400</Sale_without_VAT>
    <Total_price>1242.620</Total_price>
    <Transaction_date>23-07-2025</Transaction_date>
    <Transaction_id>307893731</Transaction_id>
    <Transaction_type>Attendant</Transaction_type>
    <Pre-VAT_Amount>1242.620</Pre-VAT_Amount>
    <VAT_Amount>171.400</VAT_Amount>
  </line>
  <line>
    <Account_Number></Account_Number>
    <Amount_of_Litres>0</Amount_of_Litres>
    <Attendant_ID>0</Attendant_ID>
    <Attendant_name>Augustine Musembi</Attendant_name>
    <Base_price>186.3</Base_price>
    <Billing_sale>100.000</Billing_sale>
    <Card_number>8501031441951383</Card_number>
    <Customer_ID></Customer_ID>
    <Fleet_name>Vic Preston</Fleet_name>
    <Invoice_Number></Invoice_Number>
    <Nozzle>2</Nozzle>
    <Payment_type>Cash</Payment_type>
    <Payment_type_-_code>CASH</Payment_type_-_code>
    <Product_code>1</Product_code>
    <Product_name>ULX</Product_name>
    <Pump>2</Pump>
    <Receipt_date>23-07-2025</Receipt_date>
    <Receipt_id>307879315</Receipt_id>
    <Receipt_time>14:06:12</Receipt_time>
    <Sale_without_VAT>13.790</Sale_without_VAT>
    <Total_price>100.000</Total_price>
    <Transaction_date>23-07-2025</Transaction_date>
    <Transaction_id>307893732</Transaction_id>
    <Transaction_type>Attendant</Transaction_type>
    <Pre-VAT_Amount>100.000</Pre-VAT_Amount>
    <VAT_Amount>13.790</VAT_Amount>
  </line>
  <line>
    <Account_Number></Account_Number>
    <Amount_of_Litres>0</Amount_of_Litres>
    <Attendant_ID>0</Attendant_ID>
    <Attendant_name>DENNIS MUYSOKI</Attendant_name>
    <Base_price>186.3</Base_price>
    <Billing_sale>680.000</Billing_sale>
    <Card_number>6996023020169616</Card_number>
    <Customer_ID></Customer_ID>
    <Fleet_name>Vic Preston</Fleet_name>
    <Invoice_Number></Invoice_Number>
    <Nozzle>2</Nozzle>
    <Payment_type>Mobile</Payment_type>
    <Payment_type_-_code>Mobile</Payment_type_-_code>
    <Product_code>1</Product_code>
    <Product_name>ULX</Product_name>
    <Pump>5</Pump>
    <Receipt_date>23-07-2025</Receipt_date>
    <Receipt_id>307879316</Receipt_id>
    <Receipt_time>14:07:47</Receipt_time>
    <Sale_without_VAT>93.790</Sale_without_VAT>
    <Total_price>680.000</Total_price>
    <Transaction_date>23-07-2025</Transaction_date>
    <Transaction_id>307893733</Transaction_id>
    <Transaction_type>Attendant</Transaction_type>
    <Pre-VAT_Amount>680.000</Pre-VAT_Amount>
    <VAT_Amount>93.790</VAT_Amount>
  </line>
  <line>
    <Account_Number></Account_Number>
    <Amount_of_Litres>0</Amount_of_Litres>
    <Attendant_ID>0</Attendant_ID>
    <Attendant_name>Augustine Musembi</Attendant_name>
    <Base_price>186.3</Base_price>
    <Billing_sale>450.000</Billing_sale>
    <Card_number>8501031441951383</Card_number>
    <Customer_ID></Customer_ID>
    <Fleet_name>Vic Preston</Fleet_name>
    <Invoice_Number></Invoice_Number>
    <Nozzle>2</Nozzle>
    <Payment_type>Cash</Payment_type>
    <Payment_type_-_code>CASH</Payment_type_-_code>
    <Product_code>1</Product_code>
    <Product_name>ULX</Product_name>
    <Pump>2</Pump>
    <Receipt_date>23-07-2025</Receipt_date>
    <Receipt_id>307879317</Receipt_id>
    <Receipt_time>14:08:52</Receipt_time>
    <Sale_without_VAT>62.070</Sale_without_VAT>
    <Total_price>450.000</Total_price>
    <Transaction_date>23-07-2025</Transaction_date>
    <Transaction_id>307893734</Transaction_id>
    <Transaction_type>Attendant</Transaction_type>
    <Pre-VAT_Amount>450.000</Pre-VAT_Amount>
    <VAT_Amount>62.070</VAT_Amount>
  </line>
  <line>
    <Account_Number></Account_Number>
    <Amount_of_Litres>0</Amount_of_Litres>
    <Attendant_ID>0</Attendant_ID>
    <Attendant_name>Joshua mutua</Attendant_name>
    <Base_price>186.3</Base_price>
    <Billing_sale>200.000</Billing_sale>
    <Card_number>6996023020333121</Card_number>
    <Customer_ID></Customer_ID>
    <Fleet_name>Vic Preston</Fleet_name>
    <Invoice_Number></Invoice_Number>
    <Nozzle>2</Nozzle>
    <Payment_type>Cash</Payment_type>
    <Payment_type_-_code>CASH</Payment_type_-_code>
    <Product_code>1</Product_code>
    <Product_name>ULX</Product_name>
    <Pump>4</Pump>
    <Receipt_date>23-07-2025</Receipt_date>
    <Receipt_id>307879326</Receipt_id>
    <Receipt_time>14:09:21</Receipt_time>
    <Sale_without_VAT>27.590</Sale_without_VAT>
    <Total_price>200.000</Total_price>
    <Transaction_date>23-07-2025</Transaction_date>
    <Transaction_id>307893735</Transaction_id>
    <Transaction_type>Attendant</Transaction_type>
    <Pre-VAT_Amount>200.000</Pre-VAT_Amount>
    <VAT_Amount>27.590</VAT_Amount>
  </line>
  <line>
    <Account_Number></Account_Number>
    <Amount_of_Litres>0</Amount_of_Litres>
    <Attendant_ID>0</Attendant_ID>
    <Attendant_name>Augustine Musembi</Attendant_name>
    <Base_price>186.3</Base_price>
    <Billing_sale>200.000</Billing_sale>
    <Card_number>8501031441951383</Card_number>
    <Customer_ID></Customer_ID>
    <Fleet_name>Vic Preston</Fleet_name>
    <Invoice_Number></Invoice_Number>
    <Nozzle>2</Nozzle>
    <Payment_type>Cash</Payment_type>
    <Payment_type_-_code>CASH</Payment_type_-_code>
    <Product_code>1</Product_code>
    <Product_name>ULX</Product_name>
    <Pump>2</Pump>
    <Receipt_date>23-07-2025</Receipt_date>
    <Receipt_id>307879318</Receipt_id>
    <Receipt_time>14:09:48</Receipt_time>
    <Sale_without_VAT>27.590</Sale_without_VAT>
    <Total_price>200.000</Total_price>
    <Transaction_date>23-07-2025</Transaction_date>
    <Transaction_id>307893736</Transaction_id>
    <Transaction_type>Attendant</Transaction_type>
    <Pre-VAT_Amount>200.000</Pre-VAT_Amount>
    <VAT_Amount>27.590</VAT_Amount>
  </line>
  <line>
    <Account_Number></Account_Number>
    <Amount_of_Litres>0</Amount_of_Litres>
    <Attendant_ID>0</Attendant_ID>
    <Attendant_name>DENNIS MUYSOKI</Attendant_name>
    <Base_price>186.3</Base_price>
    <Billing_sale>1000.000</Billing_sale>
    <Card_number>6996023020169616</Card_number>
    <Customer_ID></Customer_ID>
    <Fleet_name>Vic Preston</Fleet_name>
    <Invoice_Number></Invoice_Number>
    <Nozzle>2</Nozzle>
    <Payment_type>Mobile</Payment_type>
    <Payment_type_-_code>Mobile</Payment_type_-_code>
    <Product_code>1</Product_code>
    <Product_name>ULX</Product_name>
    <Pump>5</Pump>
    <Receipt_date>23-07-2025</Receipt_date>
    <Receipt_id>307879319</Receipt_id>
    <Receipt_time>14:10:15</Receipt_time>
    <Sale_without_VAT>137.930</Sale_without_VAT>
    <Total_price>1000.000</Total_price>
    <Transaction_date>23-07-2025</Transaction_date>
    <Transaction_id>307893737</Transaction_id>
    <Transaction_type>Attendant</Transaction_type>
    <Pre-VAT_Amount>1000.000</Pre-VAT_Amount>
    <VAT_Amount>137.930</VAT_Amount>
  </line>
  <line>
    <Account_Number></Account_Number>
    <Amount_of_Litres>0</Amount_of_Litres>
    <Attendant_ID>0</Attendant_ID>
    <Attendant_name>Joshua mutua</Attendant_name>
    <Base_price>186.3</Base_price>
    <Billing_sale>200.000</Billing_sale>
    <Card_number>6996023020333121</Card_number>
    <Customer_ID></Customer_ID>
    <Fleet_name>Vic Preston</Fleet_name>
    <Invoice_Number></Invoice_Number>
    <Nozzle>2</Nozzle>
    <Payment_type>Cash</Payment_type>
    <Payment_type_-_code>CASH</Payment_type_-_code>
    <Product_code>1</Product_code>
    <Product_name>ULX</Product_name>
    <Pump>4</Pump>
    <Receipt_date>23-07-2025</Receipt_date>
    <Receipt_id>307879327</Receipt_id>
    <Receipt_time>14:10:36</Receipt_time>
    <Sale_without_VAT>27.590</Sale_without_VAT>
    <Total_price>200.000</Total_price>
    <Transaction_date>23-07-2025</Transaction_date>
    <Transaction_id>307893738</Transaction_id>
    <Transaction_type>Attendant</Transaction_type>
    <Pre-VAT_Amount>200.000</Pre-VAT_Amount>
    <VAT_Amount>27.590</VAT_Amount>
  </line>
  <line>
    <Account_Number></Account_Number>
    <Amount_of_Litres>0</Amount_of_Litres>
    <Attendant_ID>0</Attendant_ID>
    <Attendant_name>Augustine Musembi</Attendant_name>
    <Base_price>186.3</Base_price>
    <Billing_sale>1000.000</Billing_sale>
    <Card_number>8501031441951383</Card_number>
    <Customer_ID></Customer_ID>
    <Fleet_name>Vic Preston</Fleet_name>
    <Invoice_Number></Invoice_Number>
    <Nozzle>2</Nozzle>
    <Payment_type>Mobile</Payment_type>
    <Payment_type_-_code>Mobile</Payment_type_-_code>
    <Product_code>1</Product_code>
    <Product_name>ULX</Product_name>
    <Pump>2</Pump>
    <Receipt_date>23-07-2025</Receipt_date>
    <Receipt_id>307879323</Receipt_id>
    <Receipt_time>14:11:14</Receipt_time>
    <Sale_without_VAT>137.930</Sale_without_VAT>
    <Total_price>1000.000</Total_price>
    <Transaction_date>23-07-2025</Transaction_date>
    <Transaction_id>307893739</Transaction_id>
    <Transaction_type>Attendant</Transaction_type>
    <Pre-VAT_Amount>1000.000</Pre-VAT_Amount>
    <VAT_Amount>137.930</VAT_Amount>
  </line>
  <line>
    <Account_Number></Account_Number>
    <Amount_of_Litres>0</Amount_of_Litres>
    <Attendant_ID>0</Attendant_ID>
    <Attendant_name>DENNIS MUYSOKI</Attendant_name>
    <Base_price>186.3</Base_price>
    <Billing_sale>1000.000</Billing_sale>
    <Card_number>6996023020169616</Card_number>
    <Customer_ID></Customer_ID>
    <Fleet_name>Vic Preston</Fleet_name>
    <Invoice_Number></Invoice_Number>
    <Nozzle>2</Nozzle>
    <Payment_type>Mobile</Payment_type>
    <Payment_type_-_code>Mobile</Payment_type_-_code>
    <Product_code>1</Product_code>
    <Product_name>ULX</Product_name>
    <Pump>6</Pump>
    <Receipt_date>23-07-2025</Receipt_date>
    <Receipt_id>307879322</Receipt_id>
    <Receipt_time>14:11:17</Receipt_time>
    <Sale_without_VAT>137.930</Sale_without_VAT>
    <Total_price>1000.000</Total_price>
    <Transaction_date>23-07-2025</Transaction_date>
    <Transaction_id>307893740</Transaction_id>
    <Transaction_type>Attendant</Transaction_type>
    <Pre-VAT_Amount>1000.000</Pre-VAT_Amount>
    <VAT_Amount>137.930</VAT_Amount>
  </line>
  <line>
    <Account_Number></Account_Number>
    <Amount_of_Litres>0</Amount_of_Litres>
    <Attendant_ID>0</Attendant_ID>
    <Attendant_name>DENNIS MUYSOKI</Attendant_name>
    <Base_price>186.3</Base_price>
    <Billing_sale>600.000</Billing_sale>
    <Card_number>6996023020169616</Card_number>
    <Customer_ID></Customer_ID>
    <Fleet_name>Vic Preston</Fleet_name>
    <Invoice_Number></Invoice_Number>
    <Nozzle>2</Nozzle>
    <Payment_type>Mobile</Payment_type>
    <Payment_type_-_code>Mobile</Payment_type_-_code>
    <Product_code>1</Product_code>
    <Product_name>ULX</Product_name>
    <Pump>6</Pump>
    <Receipt_date>23-07-2025</Receipt_date>
    <Receipt_id>307879324</Receipt_id>
    <Receipt_time>14:12:41</Receipt_time>
    <Sale_without_VAT>82.760</Sale_without_VAT>
    <Total_price>600.000</Total_price>
    <Transaction_date>23-07-2025</Transaction_date>
    <Transaction_id>307893741</Transaction_id>
    <Transaction_type>Attendant</Transaction_type>
    <Pre-VAT_Amount>600.000</Pre-VAT_Amount>
    <VAT_Amount>82.760</VAT_Amount>
  </line>
  <line>
    <Account_Number></Account_Number>
    <Amount_of_Litres>0</Amount_of_Litres>
    <Attendant_ID>0</Attendant_ID>
    <Attendant_name>Joshua mutua</Attendant_name>
    <Base_price>186.3</Base_price>
    <Billing_sale>200.000</Billing_sale>
    <Card_number>6996023020333121</Card_number>
    <Customer_ID></Customer_ID>
    <Fleet_name>Vic Preston</Fleet_name>
    <Invoice_Number></Invoice_Number>
    <Nozzle>2</Nozzle>
    <Payment_type>Cash</Payment_type>
    <Payment_type_-_code>CASH</Payment_type_-_code>
    <Product_code>1</Product_code>
    <Product_name>ULX</Product_name>
    <Pump>4</Pump>
    <Receipt_date>23-07-2025</Receipt_date>
    <Receipt_id>307879332</Receipt_id>
    <Receipt_time>14:12:51</Receipt_time>
    <Sale_without_VAT>27.590</Sale_without_VAT>
    <Total_price>200.000</Total_price>
    <Transaction_date>23-07-2025</Transaction_date>
    <Transaction_id>307893742</Transaction_id>
    <Transaction_type>Attendant</Transaction_type>
    <Pre-VAT_Amount>200.000</Pre-VAT_Amount>
    <VAT_Amount>27.590</VAT_Amount>
  </line>
  <line>
    <Account_Number></Account_Number>
    <Amount_of_Litres>0</Amount_of_Litres>
    <Attendant_ID>0</Attendant_ID>
    <Attendant_name>Augustine Musembi</Attendant_name>
    <Base_price>186.3</Base_price>
    <Billing_sale>600.000</Billing_sale>
    <Card_number>8501031441951383</Card_number>
    <Customer_ID></Customer_ID>
    <Fleet_name>Vic Preston</Fleet_name>
    <Invoice_Number></Invoice_Number>
    <Nozzle>2</Nozzle>
    <Payment_type>Mobile</Payment_type>
    <Payment_type_-_code>Mobile</Payment_type_-_code>
    <Product_code>1</Product_code>
    <Product_name>ULX</Product_name>
    <Pump>2</Pump>
    <Receipt_date>23-07-2025</Receipt_date>
    <Receipt_id>307879325</Receipt_id>
    <Receipt_time>14:13:34</Receipt_time>
    <Sale_without_VAT>82.760</Sale_without_VAT>
    <Total_price>600.000</Total_price>
    <Transaction_date>23-07-2025</Transaction_date>
    <Transaction_id>307893743</Transaction_id>
    <Transaction_type>Attendant</Transaction_type>
    <Pre-VAT_Amount>600.000</Pre-VAT_Amount>
    <VAT_Amount>82.760</VAT_Amount>
  </line>
  <line>
    <Account_Number></Account_Number>
    <Amount_of_Litres>0</Amount_of_Litres>
    <Attendant_ID>0</Attendant_ID>
    <Attendant_name>Joshua mutua</Attendant_name>
    <Base_price>186.3</Base_price>
    <Billing_sale>1000.000</Billing_sale>
    <Card_number>6996023020333121</Card_number>
    <Customer_ID></Customer_ID>
    <Fleet_name>Vic Preston</Fleet_name>
    <Invoice_Number></Invoice_Number>
    <Nozzle>2</Nozzle>
    <Payment_type>Mobile</Payment_type>
    <Payment_type_-_code>Mobile</Payment_type_-_code>
    <Product_code>1</Product_code>
    <Product_name>ULX</Product_name>
    <Pump>8</Pump>
    <Receipt_date>23-07-2025</Receipt_date>
    <Receipt_id>307879328</Receipt_id>
    <Receipt_time>14:14:12</Receipt_time>
    <Sale_without_VAT>137.930</Sale_without_VAT>
    <Total_price>1000.000</Total_price>
    <Transaction_date>23-07-2025</Transaction_date>
    <Transaction_id>307893744</Transaction_id>
    <Transaction_type>Attendant</Transaction_type>
    <Pre-VAT_Amount>1000.000</Pre-VAT_Amount>
    <VAT_Amount>137.930</VAT_Amount>
  </line>
  <line>
    <Account_Number></Account_Number>
    <Amount_of_Litres>0</Amount_of_Litres>
    <Attendant_ID>0</Attendant_ID>
    <Attendant_name>Augustine Musembi</Attendant_name>
    <Base_price>186.3</Base_price>
    <Billing_sale>150.000</Billing_sale>
    <Card_number>8501031441951383</Card_number>
    <Customer_ID></Customer_ID>
    <Fleet_name>Vic Preston</Fleet_name>
    <Invoice_Number></Invoice_Number>
    <Nozzle>2</Nozzle>
    <Payment_type>Cash</Payment_type>
    <Payment_type_-_code>CASH</Payment_type_-_code>
    <Product_code>1</Product_code>
    <Product_name>ULX</Product_name>
    <Pump>4</Pump>
    <Receipt_date>23-07-2025</Receipt_date>
    <Receipt_id>307879336</Receipt_id>
    <Receipt_time>14:14:54</Receipt_time>
    <Sale_without_VAT>20.690</Sale_without_VAT>
    <Total_price>150.000</Total_price>
    <Transaction_date>23-07-2025</Transaction_date>
    <Transaction_id>307893745</Transaction_id>
    <Transaction_type>Attendant</Transaction_type>
    <Pre-VAT_Amount>150.000</Pre-VAT_Amount>
    <VAT_Amount>20.690</VAT_Amount>
  </line>
  <line>
    <Account_Number></Account_Number>
    <Amount_of_Litres>0</Amount_of_Litres>
    <Attendant_ID>0</Attendant_ID>
    <Attendant_name>DENNIS MUYSOKI</Attendant_name>
    <Base_price>171.5</Base_price>
    <Billing_sale>4500.000</Billing_sale>
    <Card_number>6996023020169616</Card_number>
    <Customer_ID></Customer_ID>
    <Fleet_name>Vic Preston</Fleet_name>
    <Invoice_Number></Invoice_Number>
    <Nozzle>1</Nozzle>
    <Payment_type>Cash</Payment_type>
    <Payment_type_-_code>CASH</Payment_type_-_code>
    <Product_code>3</Product_code>
    <Product_name>DX</Product_name>
    <Pump>6</Pump>
    <Receipt_date>23-07-2025</Receipt_date>
    <Receipt_id>307879337</Receipt_id>
    <Receipt_time>14:15:17</Receipt_time>
    <Sale_without_VAT>620.690</Sale_without_VAT>
    <Total_price>4500.000</Total_price>
    <Transaction_date>23-07-2025</Transaction_date>
    <Transaction_id>307893746</Transaction_id>
    <Transaction_type>Attendant</Transaction_type>
    <Pre-VAT_Amount>4500.000</Pre-VAT_Amount>
    <VAT_Amount>620.690</VAT_Amount>
  </line>
  <line>
    <Account_Number></Account_Number>
    <Amount_of_Litres>0</Amount_of_Litres>
    <Attendant_ID>0</Attendant_ID>
    <Attendant_name>DENNIS MUYSOKI</Attendant_name>
    <Base_price>186.3</Base_price>
    <Billing_sale>250.000</Billing_sale>
    <Card_number>6996023020169616</Card_number>
    <Customer_ID></Customer_ID>
    <Fleet_name>Vic Preston</Fleet_name>
    <Invoice_Number></Invoice_Number>
    <Nozzle>2</Nozzle>
    <Payment_type>Mobile</Payment_type>
    <Payment_type_-_code>Mobile</Payment_type_-_code>
    <Product_code>1</Product_code>
    <Product_name>ULX</Product_name>
    <Pump>5</Pump>
    <Receipt_date>23-07-2025</Receipt_date>
    <Receipt_id>307879329</Receipt_id>
    <Receipt_time>14:15:28</Receipt_time>
    <Sale_without_VAT>34.480</Sale_without_VAT>
    <Total_price>250.000</Total_price>
    <Transaction_date>23-07-2025</Transaction_date>
    <Transaction_id>307893747</Transaction_id>
    <Transaction_type>Attendant</Transaction_type>
    <Pre-VAT_Amount>250.000</Pre-VAT_Amount>
    <VAT_Amount>34.480</VAT_Amount>
  </line>
  <line>
    <Account_Number></Account_Number>
    <Amount_of_Litres>0</Amount_of_Litres>
    <Attendant_ID>0</Attendant_ID>
    <Attendant_name>C.Okello</Attendant_name>
    <Base_price>186.3</Base_price>
    <Billing_sale>3000.000</Billing_sale>
    <Card_number>6996023020722703</Card_number>
    <Customer_ID></Customer_ID>
    <Fleet_name>Vic Preston</Fleet_name>
    <Invoice_Number></Invoice_Number>
    <Nozzle>2</Nozzle>
    <Payment_type>Mobile</Payment_type>
    <Payment_type_-_code>Mobile</Payment_type_-_code>
    <Product_code>1</Product_code>
    <Product_name>ULX</Product_name>
    <Pump>2</Pump>
    <Receipt_date>23-07-2025</Receipt_date>
    <Receipt_id>307879330</Receipt_id>
    <Receipt_time>14:15:52</Receipt_time>
    <Sale_without_VAT>413.790</Sale_without_VAT>
    <Total_price>3000.000</Total_price>
    <Transaction_date>23-07-2025</Transaction_date>
    <Transaction_id>307893748</Transaction_id>
    <Transaction_type>Attendant</Transaction_type>
    <Pre-VAT_Amount>3000.000</Pre-VAT_Amount>
    <VAT_Amount>413.790</VAT_Amount>
  </line>
  <line>
    <Account_Number></Account_Number>
    <Amount_of_Litres>0</Amount_of_Litres>
    <Attendant_ID>0</Attendant_ID>
    <Attendant_name>Augustine Musembi</Attendant_name>
    <Base_price>186.3</Base_price>
    <Billing_sale>200.000</Billing_sale>
    <Card_number>8501031441951383</Card_number>
    <Customer_ID></Customer_ID>
    <Fleet_name>Vic Preston</Fleet_name>
    <Invoice_Number></Invoice_Number>
    <Nozzle>2</Nozzle>
    <Payment_type>Cash</Payment_type>
    <Payment_type_-_code>CASH</Payment_type_-_code>
    <Product_code>1</Product_code>
    <Product_name>ULX</Product_name>
    <Pump>4</Pump>
    <Receipt_date>23-07-2025</Receipt_date>
    <Receipt_id>307879338</Receipt_id>
    <Receipt_time>14:15:54</Receipt_time>
    <Sale_without_VAT>27.590</Sale_without_VAT>
    <Total_price>200.000</Total_price>
    <Transaction_date>23-07-2025</Transaction_date>
    <Transaction_id>307893749</Transaction_id>
    <Transaction_type>Attendant</Transaction_type>
    <Pre-VAT_Amount>200.000</Pre-VAT_Amount>
    <VAT_Amount>27.590</VAT_Amount>
  </line>
  <line>
    <Account_Number></Account_Number>
    <Amount_of_Litres>0</Amount_of_Litres>
    <Attendant_ID>0</Attendant_ID>
    <Attendant_name>Augustine Musembi</Attendant_name>
    <Base_price>186.3</Base_price>
    <Billing_sale>400.000</Billing_sale>
    <Card_number>8501031441951383</Card_number>
    <Customer_ID></Customer_ID>
    <Fleet_name>Vic Preston</Fleet_name>
    <Invoice_Number></Invoice_Number>
    <Nozzle>2</Nozzle>
    <Payment_type></Payment_type>
    <Payment_type_-_code></Payment_type_-_code>
    <Product_code>1</Product_code>
    <Product_name>ULX</Product_name>
    <Pump>4</Pump>
    <Receipt_date></Receipt_date>
    <Receipt_id>0</Receipt_id>
    <Receipt_time></Receipt_time>
    <Sale_without_VAT>55.170</Sale_without_VAT>
    <Total_price>400.000</Total_price>
    <Transaction_date>23-07-2025</Transaction_date>
    <Transaction_id>307893750</Transaction_id>
    <Transaction_type>Attendant</Transaction_type>
    <Pre-VAT_Amount>400.000</Pre-VAT_Amount>
    <VAT_Amount>55.170</VAT_Amount>
  </line>
  <line>
    <Account_Number></Account_Number>
    <Amount_of_Litres>0</Amount_of_Litres>
    <Attendant_ID>0</Attendant_ID>
    <Attendant_name>Joshua mutua</Attendant_name>
    <Base_price>186.3</Base_price>
    <Billing_sale>2000.000</Billing_sale>
    <Card_number>6996023020333121</Card_number>
    <Customer_ID></Customer_ID>
    <Fleet_name>Vic Preston</Fleet_name>
    <Invoice_Number></Invoice_Number>
    <Nozzle>2</Nozzle>
    <Payment_type>Cash</Payment_type>
    <Payment_type_-_code>CASH</Payment_type_-_code>
    <Product_code>1</Product_code>
    <Product_name>ULX</Product_name>
    <Pump>3</Pump>
    <Receipt_date>23-07-2025</Receipt_date>
    <Receipt_id>307879343</Receipt_id>
    <Receipt_time>14:17:50</Receipt_time>
    <Sale_without_VAT>275.860</Sale_without_VAT>
    <Total_price>2000.000</Total_price>
    <Transaction_date>23-07-2025</Transaction_date>
    <Transaction_id>307893751</Transaction_id>
    <Transaction_type>Attendant</Transaction_type>
    <Pre-VAT_Amount>2000.000</Pre-VAT_Amount>
    <VAT_Amount>275.860</VAT_Amount>
  </line>
  <line>
    <Account_Number></Account_Number>
    <Amount_of_Litres>0</Amount_of_Litres>
    <Attendant_ID>0</Attendant_ID>
    <Attendant_name>C.Okello</Attendant_name>
    <Base_price>186.3</Base_price>
    <Billing_sale>3000.000</Billing_sale>
    <Card_number>6996023020722703</Card_number>
    <Customer_ID></Customer_ID>
    <Fleet_name>Vic Preston</Fleet_name>
    <Invoice_Number></Invoice_Number>
    <Nozzle>2</Nozzle>
    <Payment_type>Cash</Payment_type>
    <Payment_type_-_code>CASH</Payment_type_-_code>
    <Product_code>1</Product_code>
    <Product_name>ULX</Product_name>
    <Pump>2</Pump>
    <Receipt_date>23-07-2025</Receipt_date>
    <Receipt_id>307879339</Receipt_id>
    <Receipt_time>14:18:57</Receipt_time>
    <Sale_without_VAT>413.790</Sale_without_VAT>
    <Total_price>3000.000</Total_price>
    <Transaction_date>23-07-2025</Transaction_date>
    <Transaction_id>307893752</Transaction_id>
    <Transaction_type>Attendant</Transaction_type>
    <Pre-VAT_Amount>3000.000</Pre-VAT_Amount>
    <VAT_Amount>413.790</VAT_Amount>
  </line>
  <line>
    <Account_Number></Account_Number>
    <Amount_of_Litres>0</Amount_of_Litres>
    <Attendant_ID>0</Attendant_ID>
    <Attendant_name>DENNIS MUYSOKI</Attendant_name>
    <Base_price>186.3</Base_price>
    <Billing_sale>1500.000</Billing_sale>
    <Card_number>6996023020169616</Card_number>
    <Customer_ID></Customer_ID>
    <Fleet_name>Vic Preston</Fleet_name>
    <Invoice_Number></Invoice_Number>
    <Nozzle>2</Nozzle>
    <Payment_type>Mobile</Payment_type>
    <Payment_type_-_code>Mobile</Payment_type_-_code>
    <Product_code>1</Product_code>
    <Product_name>ULX</Product_name>
    <Pump>5</Pump>
    <Receipt_date>23-07-2025</Receipt_date>
    <Receipt_id>307879334</Receipt_id>
    <Receipt_time>14:19:08</Receipt_time>
    <Sale_without_VAT>206.900</Sale_without_VAT>
    <Total_price>1500.000</Total_price>
    <Transaction_date>23-07-2025</Transaction_date>
    <Transaction_id>307893753</Transaction_id>
    <Transaction_type>Attendant</Transaction_type>
    <Pre-VAT_Amount>1500.000</Pre-VAT_Amount>
    <VAT_Amount>206.900</VAT_Amount>
  </line>
  <line>
    <Account_Number></Account_Number>
    <Amount_of_Litres>0</Amount_of_Litres>
    <Attendant_ID>0</Attendant_ID>
    <Attendant_name>Joshua mutua</Attendant_name>
    <Base_price>186.3</Base_price>
    <Billing_sale>2000.000</Billing_sale>
    <Card_number>6996023020333121</Card_number>
    <Customer_ID></Customer_ID>
    <Fleet_name>Vic Preston</Fleet_name>
    <Invoice_Number></Invoice_Number>
    <Nozzle>2</Nozzle>
    <Payment_type>Cash</Payment_type>
    <Payment_type_-_code>CASH</Payment_type_-_code>
    <Product_code>1</Product_code>
    <Product_name>ULX</Product_name>
    <Pump>4</Pump>
    <Receipt_date>23-07-2025</Receipt_date>
    <Receipt_id>307879344</Receipt_id>
    <Receipt_time>14:19:35</Receipt_time>
    <Sale_without_VAT>275.860</Sale_without_VAT>
    <Total_price>2000.000</Total_price>
    <Transaction_date>23-07-2025</Transaction_date>
    <Transaction_id>307893754</Transaction_id>
    <Transaction_type>Attendant</Transaction_type>
    <Pre-VAT_Amount>2000.000</Pre-VAT_Amount>
    <VAT_Amount>275.860</VAT_Amount>
  </line>
  <line>
    <Account_Number></Account_Number>
    <Amount_of_Litres>0</Amount_of_Litres>
    <Attendant_ID>0</Attendant_ID>
    <Attendant_name>Augustine Musembi</Attendant_name>
    <Base_price>186.3</Base_price>
    <Billing_sale>500.000</Billing_sale>
    <Card_number>8501031441951383</Card_number>
    <Customer_ID></Customer_ID>
    <Fleet_name>Vic Preston</Fleet_name>
    <Invoice_Number></Invoice_Number>
    <Nozzle>2</Nozzle>
    <Payment_type>Cash</Payment_type>
    <Payment_type_-_code>CASH</Payment_type_-_code>
    <Product_code>1</Product_code>
    <Product_name>ULX</Product_name>
    <Pump>1</Pump>
    <Receipt_date>23-07-2025</Receipt_date>
    <Receipt_id>307879335</Receipt_id>
    <Receipt_time>14:19:46</Receipt_time>
    <Sale_without_VAT>68.970</Sale_without_VAT>
    <Total_price>500.000</Total_price>
    <Transaction_date>23-07-2025</Transaction_date>
    <Transaction_id>307893755</Transaction_id>
    <Transaction_type>Attendant</Transaction_type>
    <Pre-VAT_Amount>500.000</Pre-VAT_Amount>
    <VAT_Amount>68.970</VAT_Amount>
  </line>
  <line>
    <Account_Number></Account_Number>
    <Amount_of_Litres>0</Amount_of_Litres>
    <Attendant_ID>0</Attendant_ID>
    <Attendant_name>Augustine Musembi</Attendant_name>
    <Base_price>186.3</Base_price>
    <Billing_sale>200.000</Billing_sale>
    <Card_number>8501031441951383</Card_number>
    <Customer_ID></Customer_ID>
    <Fleet_name>Vic Preston</Fleet_name>
    <Invoice_Number></Invoice_Number>
    <Nozzle>2</Nozzle>
    <Payment_type>Mobile</Payment_type>
    <Payment_type_-_code>Mobile</Payment_type_-_code>
    <Product_code>1</Product_code>
    <Product_name>ULX</Product_name>
    <Pump>1</Pump>
    <Receipt_date>23-07-2025</Receipt_date>
    <Receipt_id>307879340</Receipt_id>
    <Receipt_time>14:20:42</Receipt_time>
    <Sale_without_VAT>27.590</Sale_without_VAT>
    <Total_price>200.000</Total_price>
    <Transaction_date>23-07-2025</Transaction_date>
    <Transaction_id>307893756</Transaction_id>
    <Transaction_type>Attendant</Transaction_type>
    <Pre-VAT_Amount>200.000</Pre-VAT_Amount>
    <VAT_Amount>27.590</VAT_Amount>
  </line>
  <line>
    <Account_Number></Account_Number>
    <Amount_of_Litres>0</Amount_of_Litres>
    <Attendant_ID>0</Attendant_ID>
    <Attendant_name>DENNIS MUYSOKI</Attendant_name>
    <Base_price>186.3</Base_price>
    <Billing_sale>1000.000</Billing_sale>
    <Card_number>6996023020169616</Card_number>
    <Customer_ID></Customer_ID>
    <Fleet_name>Vic Preston</Fleet_name>
    <Invoice_Number></Invoice_Number>
    <Nozzle>2</Nozzle>
    <Payment_type>Mobile</Payment_type>
    <Payment_type_-_code>Mobile</Payment_type_-_code>
    <Product_code>1</Product_code>
    <Product_name>ULX</Product_name>
    <Pump>5</Pump>
    <Receipt_date>23-07-2025</Receipt_date>
    <Receipt_id>307879341</Receipt_id>
    <Receipt_time>14:20:54</Receipt_time>
    <Sale_without_VAT>137.930</Sale_without_VAT>
    <Total_price>1000.000</Total_price>
    <Transaction_date>23-07-2025</Transaction_date>
    <Transaction_id>307893757</Transaction_id>
    <Transaction_type>Attendant</Transaction_type>
    <Pre-VAT_Amount>1000.000</Pre-VAT_Amount>
    <VAT_Amount>137.930</VAT_Amount>
  </line>
  <line>
    <Account_Number></Account_Number>
    <Amount_of_Litres>0</Amount_of_Litres>
    <Attendant_ID>0</Attendant_ID>
    <Attendant_name>Joshua mutua</Attendant_name>
    <Base_price>186.3</Base_price>
    <Billing_sale>200.000</Billing_sale>
    <Card_number>6996023020333121</Card_number>
    <Customer_ID></Customer_ID>
    <Fleet_name>Vic Preston</Fleet_name>
    <Invoice_Number></Invoice_Number>
    <Nozzle>2</Nozzle>
    <Payment_type>Cash</Payment_type>
    <Payment_type_-_code>CASH</Payment_type_-_code>
    <Product_code>1</Product_code>
    <Product_name>ULX</Product_name>
    <Pump>4</Pump>
    <Receipt_date>23-07-2025</Receipt_date>
    <Receipt_id>307879346</Receipt_id>
    <Receipt_time>14:21:58</Receipt_time>
    <Sale_without_VAT>27.590</Sale_without_VAT>
    <Total_price>200.000</Total_price>
    <Transaction_date>23-07-2025</Transaction_date>
    <Transaction_id>307893758</Transaction_id>
    <Transaction_type>Attendant</Transaction_type>
    <Pre-VAT_Amount>200.000</Pre-VAT_Amount>
    <VAT_Amount>27.590</VAT_Amount>
  </line>
  <line>
    <Account_Number></Account_Number>
    <Amount_of_Litres>0</Amount_of_Litres>
    <Attendant_ID>0</Attendant_ID>
    <Attendant_name>Augustine Musembi</Attendant_name>
    <Base_price>186.3</Base_price>
    <Billing_sale>100.000</Billing_sale>
    <Card_number>8501031441951383</Card_number>
    <Customer_ID></Customer_ID>
    <Fleet_name>Vic Preston</Fleet_name>
    <Invoice_Number></Invoice_Number>
    <Nozzle>2</Nozzle>
    <Payment_type>Cash</Payment_type>
    <Payment_type_-_code>CASH</Payment_type_-_code>
    <Product_code>1</Product_code>
    <Product_name>ULX</Product_name>
    <Pump>2</Pump>
    <Receipt_date>23-07-2025</Receipt_date>
    <Receipt_id>307879342</Receipt_id>
    <Receipt_time>14:22:21</Receipt_time>
    <Sale_without_VAT>13.790</Sale_without_VAT>
    <Total_price>100.000</Total_price>
    <Transaction_date>23-07-2025</Transaction_date>
    <Transaction_id>307893759</Transaction_id>
    <Transaction_type>Attendant</Transaction_type>
    <Pre-VAT_Amount>100.000</Pre-VAT_Amount>
    <VAT_Amount>13.790</VAT_Amount>
  </line>
  <line>
    <Account_Number></Account_Number>
    <Amount_of_Litres>0</Amount_of_Litres>
    <Attendant_ID>0</Attendant_ID>
    <Attendant_name>Augustine Musembi</Attendant_name>
    <Base_price>186.3</Base_price>
    <Billing_sale>600.000</Billing_sale>
    <Card_number>8501031441951383</Card_number>
    <Customer_ID></Customer_ID>
    <Fleet_name>Vic Preston</Fleet_name>
    <Invoice_Number></Invoice_Number>
    <Nozzle>2</Nozzle>
    <Payment_type>Cash</Payment_type>
    <Payment_type_-_code>CASH</Payment_type_-_code>
    <Product_code>1</Product_code>
    <Product_name>ULX</Product_name>
    <Pump>2</Pump>
    <Receipt_date>23-07-2025</Receipt_date>
    <Receipt_id>307879348</Receipt_id>
    <Receipt_time>14:23:17</Receipt_time>
    <Sale_without_VAT>82.760</Sale_without_VAT>
    <Total_price>600.000</Total_price>
    <Transaction_date>23-07-2025</Transaction_date>
    <Transaction_id>307893760</Transaction_id>
    <Transaction_type>Attendant</Transaction_type>
    <Pre-VAT_Amount>600.000</Pre-VAT_Amount>
    <VAT_Amount>82.760</VAT_Amount>
  </line>
  <line>
    <Account_Number></Account_Number>
    <Amount_of_Litres>0</Amount_of_Litres>
    <Attendant_ID>0</Attendant_ID>
    <Attendant_name>Augustine Musembi</Attendant_name>
    <Base_price>186.3</Base_price>
    <Billing_sale>1000.000</Billing_sale>
    <Card_number>8501031441951383</Card_number>
    <Customer_ID></Customer_ID>
    <Fleet_name>Vic Preston</Fleet_name>
    <Invoice_Number></Invoice_Number>
    <Nozzle>2</Nozzle>
    <Payment_type>Cash</Payment_type>
    <Payment_type_-_code>CASH</Payment_type_-_code>
    <Product_code>1</Product_code>
    <Product_name>ULX</Product_name>
    <Pump>4</Pump>
    <Receipt_date>23-07-2025</Receipt_date>
    <Receipt_id>307879349</Receipt_id>
    <Receipt_time>14:24:20</Receipt_time>
    <Sale_without_VAT>137.930</Sale_without_VAT>
    <Total_price>1000.000</Total_price>
    <Transaction_date>23-07-2025</Transaction_date>
    <Transaction_id>307893761</Transaction_id>
    <Transaction_type>Attendant</Transaction_type>
    <Pre-VAT_Amount>1000.000</Pre-VAT_Amount>
    <VAT_Amount>137.930</VAT_Amount>
  </line>
  <line>
    <Account_Number></Account_Number>
    <Amount_of_Litres>0</Amount_of_Litres>
    <Attendant_ID>0</Attendant_ID>
    <Attendant_name>DENNIS MUYSOKI</Attendant_name>
    <Base_price>186.3</Base_price>
    <Billing_sale>500.000</Billing_sale>
    <Card_number>6996023020169616</Card_number>
    <Customer_ID></Customer_ID>
    <Fleet_name>Vic Preston</Fleet_name>
    <Invoice_Number></Invoice_Number>
    <Nozzle>2</Nozzle>
    <Payment_type>Cash</Payment_type>
    <Payment_type_-_code>CASH</Payment_type_-_code>
    <Product_code>1</Product_code>
    <Product_name>ULX</Product_name>
    <Pump>5</Pump>
    <Receipt_date>23-07-2025</Receipt_date>
    <Receipt_id>307879345</Receipt_id>
    <Receipt_time>14:24:32</Receipt_time>
    <Sale_without_VAT>68.970</Sale_without_VAT>
    <Total_price>500.000</Total_price>
    <Transaction_date>23-07-2025</Transaction_date>
    <Transaction_id>307893762</Transaction_id>
    <Transaction_type>Attendant</Transaction_type>
    <Pre-VAT_Amount>500.000</Pre-VAT_Amount>
    <VAT_Amount>68.970</VAT_Amount>
  </line>
  <line>
    <Account_Number></Account_Number>
    <Amount_of_Litres>0</Amount_of_Litres>
    <Attendant_ID>0</Attendant_ID>
    <Attendant_name>Augustine Musembi</Attendant_name>
    <Base_price>186.3</Base_price>
    <Billing_sale>200.000</Billing_sale>
    <Card_number>8501031441951383</Card_number>
    <Customer_ID></Customer_ID>
    <Fleet_name>Vic Preston</Fleet_name>
    <Invoice_Number></Invoice_Number>
    <Nozzle>2</Nozzle>
    <Payment_type>Cash</Payment_type>
    <Payment_type_-_code>CASH</Payment_type_-_code>
    <Product_code>1</Product_code>
    <Product_name>ULX</Product_name>
    <Pump>4</Pump>
    <Receipt_date>23-07-2025</Receipt_date>
    <Receipt_id>307879350</Receipt_id>
    <Receipt_time>14:25:41</Receipt_time>
    <Sale_without_VAT>27.590</Sale_without_VAT>
    <Total_price>200.000</Total_price>
    <Transaction_date>23-07-2025</Transaction_date>
    <Transaction_id>307893763</Transaction_id>
    <Transaction_type>Attendant</Transaction_type>
    <Pre-VAT_Amount>200.000</Pre-VAT_Amount>
    <VAT_Amount>27.590</VAT_Amount>
  </line>
  <line>
    <Account_Number></Account_Number>
    <Amount_of_Litres>0</Amount_of_Litres>
    <Attendant_ID>0</Attendant_ID>
    <Attendant_name>Augustine Musembi</Attendant_name>
    <Base_price>186.3</Base_price>
    <Billing_sale>100.000</Billing_sale>
    <Card_number>8501031441951383</Card_number>
    <Customer_ID></Customer_ID>
    <Fleet_name>Vic Preston</Fleet_name>
    <Invoice_Number></Invoice_Number>
    <Nozzle>2</Nozzle>
    <Payment_type>Cash</Payment_type>
    <Payment_type_-_code>CASH</Payment_type_-_code>
    <Product_code>1</Product_code>
    <Product_name>ULX</Product_name>
    <Pump>4</Pump>
    <Receipt_date>23-07-2025</Receipt_date>
    <Receipt_id>307879351</Receipt_id>
    <Receipt_time>14:26:24</Receipt_time>
    <Sale_without_VAT>13.790</Sale_without_VAT>
    <Total_price>100.000</Total_price>
    <Transaction_date>23-07-2025</Transaction_date>
    <Transaction_id>307893764</Transaction_id>
    <Transaction_type>Attendant</Transaction_type>
    <Pre-VAT_Amount>100.000</Pre-VAT_Amount>
    <VAT_Amount>13.790</VAT_Amount>
  </line>
  <line>
    <Account_Number></Account_Number>
    <Amount_of_Litres>0</Amount_of_Litres>
    <Attendant_ID>0</Attendant_ID>
    <Attendant_name>DENNIS MUYSOKI</Attendant_name>
    <Base_price>186.3</Base_price>
    <Billing_sale>2000.000</Billing_sale>
    <Card_number>6996023020169616</Card_number>
    <Customer_ID></Customer_ID>
    <Fleet_name>Vic Preston</Fleet_name>
    <Invoice_Number></Invoice_Number>
    <Nozzle>2</Nozzle>
    <Payment_type>Mobile</Payment_type>
    <Payment_type_-_code>Mobile</Payment_type_-_code>
    <Product_code>1</Product_code>
    <Product_name>ULX</Product_name>
    <Pump>5</Pump>
    <Receipt_date>23-07-2025</Receipt_date>
    <Receipt_id>307879347</Receipt_id>
    <Receipt_time>14:26:46</Receipt_time>
    <Sale_without_VAT>275.860</Sale_without_VAT>
    <Total_price>2000.000</Total_price>
    <Transaction_date>23-07-2025</Transaction_date>
    <Transaction_id>307893765</Transaction_id>
    <Transaction_type>Attendant</Transaction_type>
    <Pre-VAT_Amount>2000.000</Pre-VAT_Amount>
    <VAT_Amount>275.860</VAT_Amount>
  </line>
  <line>
    <Account_Number></Account_Number>
    <Amount_of_Litres>0</Amount_of_Litres>
    <Attendant_ID>0</Attendant_ID>
    <Attendant_name>Joshua mutua</Attendant_name>
    <Base_price>186.3</Base_price>
    <Billing_sale>200.000</Billing_sale>
    <Card_number>6996023020333121</Card_number>
    <Customer_ID></Customer_ID>
    <Fleet_name>Vic Preston</Fleet_name>
    <Invoice_Number></Invoice_Number>
    <Nozzle>2</Nozzle>
    <Payment_type></Payment_type>
    <Payment_type_-_code></Payment_type_-_code>
    <Product_code>1</Product_code>
    <Product_name>ULX</Product_name>
    <Pump>6</Pump>
    <Receipt_date></Receipt_date>
    <Receipt_id>0</Receipt_id>
    <Receipt_time></Receipt_time>
    <Sale_without_VAT>27.590</Sale_without_VAT>
    <Total_price>200.000</Total_price>
    <Transaction_date>23-07-2025</Transaction_date>
    <Transaction_id>307893766</Transaction_id>
    <Transaction_type>Attendant</Transaction_type>
    <Pre-VAT_Amount>200.000</Pre-VAT_Amount>
    <VAT_Amount>27.590</VAT_Amount>
  </line>
  <line>
    <Account_Number></Account_Number>
    <Amount_of_Litres>0</Amount_of_Litres>
    <Attendant_ID>0</Attendant_ID>
    <Attendant_name>Augustine Musembi</Attendant_name>
    <Base_price>186.3</Base_price>
    <Billing_sale>100.000</Billing_sale>
    <Card_number>8501031441951383</Card_number>
    <Customer_ID></Customer_ID>
    <Fleet_name>Vic Preston</Fleet_name>
    <Invoice_Number></Invoice_Number>
    <Nozzle>2</Nozzle>
    <Payment_type>Cash</Payment_type>
    <Payment_type_-_code>CASH</Payment_type_-_code>
    <Product_code>1</Product_code>
    <Product_name>ULX</Product_name>
    <Pump>4</Pump>
    <Receipt_date>23-07-2025</Receipt_date>
    <Receipt_id>307879353</Receipt_id>
    <Receipt_time>14:28:59</Receipt_time>
    <Sale_without_VAT>13.790</Sale_without_VAT>
    <Total_price>100.000</Total_price>
    <Transaction_date>23-07-2025</Transaction_date>
    <Transaction_id>307893767</Transaction_id>
    <Transaction_type>Attendant</Transaction_type>
    <Pre-VAT_Amount>100.000</Pre-VAT_Amount>
    <VAT_Amount>13.790</VAT_Amount>
  </line>
  <line>
    <Account_Number></Account_Number>
    <Amount_of_Litres>0</Amount_of_Litres>
    <Attendant_ID>0</Attendant_ID>
    <Attendant_name>DENNIS MUYSOKI</Attendant_name>
    <Base_price>186.3</Base_price>
    <Billing_sale>1000.000</Billing_sale>
    <Card_number>6996023020169616</Card_number>
    <Customer_ID></Customer_ID>
    <Fleet_name>Vic Preston</Fleet_name>
    <Invoice_Number></Invoice_Number>
    <Nozzle>2</Nozzle>
    <Payment_type>Mobile</Payment_type>
    <Payment_type_-_code>Mobile</Payment_type_-_code>
    <Product_code>1</Product_code>
    <Product_name>ULX</Product_name>
    <Pump>2</Pump>
    <Receipt_date>23-07-2025</Receipt_date>
    <Receipt_id>307879352</Receipt_id>
    <Receipt_time>14:29:46</Receipt_time>
    <Sale_without_VAT>137.930</Sale_without_VAT>
    <Total_price>1000.000</Total_price>
    <Transaction_date>23-07-2025</Transaction_date>
    <Transaction_id>307893768</Transaction_id>
    <Transaction_type>Attendant</Transaction_type>
    <Pre-VAT_Amount>1000.000</Pre-VAT_Amount>
    <VAT_Amount>137.930</VAT_Amount>
  </line>
</data>